,n_estimators,max_depth,mse,mse_train
0,1.0,12.0,13.467309463157694,8.576340577379767
1,2.0,12.0,11.178030106450194,6.387595597866109
2,5.0,12.0,8.183210156608066,5.435890341203992
3,10.0,12.0,7.494651776919279,4.999287543007204
4,20.0,12.0,7.6595688063057406,4.841439146922282
5,50.0,12.0,7.291910133070798,4.607087578667128
6,100.0,12.0,7.305636759267794,4.577794693772814
7,200.0,12.0,7.210103978427844,4.5205498953492995
