,n_estimators,max_depth,mse,mse_train
0,50.0,4.0,8.903575903764418,11.670454913497563
1,50.0,6.0,7.961635306044727,9.844012670878481
2,50.0,8.0,7.636525831298933,8.046377164356011
3,50.0,10.0,7.267605368943452,6.203204873131209
4,50.0,12.0,7.251371205355627,4.538705085606473
5,50.0,14.0,7.522896865150685,3.417451685797647
6,50.0,16.0,7.904655788951667,2.6373724539924694
